{
"music_disc.anti": {
    "sounds": [
        {
            "name": "records/anti",
            "stream": true
        }
    ]
},

"music_disc.birchbop": {
    "sounds": [
        {
            "name": "records/birchbop",
            "stream": true
        }
    ]
},

"music_disc.blazetrap": {
    "sounds": [
        {
            "name": "records/blazetrap",
            "stream": true
        }
    ]
},

"music_disc.caravan": {
    "sounds": [
        {
            "name": "records/caravan",
            "stream": true
        }
    ]
},

"music_disc.cheese": {
    "sounds": [
        {
            "name": "records/cheese",
            "stream": true
        }
    ]
},

"music_disc.chill": {
    "sounds": [
        {
            "name": "records/chill",
            "stream": true
        }
    ]
},

"music_disc.click": {
    "sounds": [
        {
            "name": "records/click",
            "stream": true
        }
    ]
},

"music_disc.eyes": {
    "sounds": [
        {
            "name": "records/eyes",
            "stream": true
        }
    ]
},

"music_disc.float": {
    "sounds": [
        {
            "name": "records/float",
            "stream": true
        }
    ]
},

"music_disc.fortstress": {
    "sounds": [
        {
            "name": "records/fortstress",
            "stream": true
        }
    ]
},

"music_disc.heartless": {
    "sounds": [
        {
            "name": "records/heartless",
            "stream": true
        }
    ]
},

"music_disc.hue": {
    "sounds": [
        {
            "name": "records/hue",
            "stream": true
        }
    ]
},

"music_disc.ice": {
    "sounds": [
        {
            "name": "records/ice",
            "stream": true
        }
    ]
},

"music_disc.lush": {
    "sounds": [
        {
            "name": "records/lush",
            "stream": true
        }
    ]
},

"music_disc.mesa": {
    "sounds": [
        {
            "name": "records/mesa",
            "stream": true
        }
    ]
},

"music_disc.odyssey": {
    "sounds": [
        {
            "name": "records/odyssey",
            "stream": true
        }
    ]
},

"music_disc.over": {
    "sounds": [
        {
            "name": "records/over",
            "stream": true
        }
    ]
},

"music_disc.pillaged": {
    "sounds": [
        {
            "name": "records/pillaged",
            "stream": true
        }
    ]
},

"music_disc.prism": {
    "sounds": [
        {
            "name": "records/prism",
            "stream": true
        }
    ]
},

"music_disc.reason": {
    "sounds": [
        {
            "name": "records/reason",
            "stream": true
        }
    ]
},

"music_disc.redfunk": {
    "sounds": [
        {
            "name": "records/redfunk",
            "stream": true
        }
    ]
},

"music_disc.retri": {
    "sounds": [
        {
            "name": "records/retri",
            "stream": true
        }
    ]
},

"music_disc.rgb": {
    "sounds": [
        {
            "name": "records/rgb",
            "stream": true
        }
    ]
},

"music_disc.sandstone": {
    "sounds": [
        {
            "name": "records/sandstone",
            "stream": true
        }
    ]
},

"music_disc.shroom": {
    "sounds": [
        {
            "name": "records/shroom",
            "stream": true
        }
    ]
},

"music_disc.sparkle": {
    "sounds": [
        {
            "name": "records/sparkle",
            "stream": true
        }
    ]
},

"music_disc.storm": {
    "sounds": [
        {
            "name": "records/storm",
            "stream": true
        }
    ]
},

"music_disc.stridehop": {
    "sounds": [
        {
            "name": "records/stridehop",
            "stream": true
        }
    ]
},

"music_disc.witherdance": {
    "sounds": [
        {
            "name": "records/witherdance",
            "stream": true
        }
    ]
}
}