{
    "parent": "item/generated",
    "textures": {
        "layer0": "item/music_disc_11"
    },
    "overrides": [
        {
            "predicate": {
                "custom_model_data": 1
            },
            "model": "item/music_disc_anti"
        },
        {
            "predicate": {
                "custom_model_data": 2
            },
            "model": "item/music_disc_birchbop"
        },
        {
            "predicate": {
                "custom_model_data": 3
            },
            "model": "item/music_disc_blazetrap"
        },
        {
            "predicate": {
                "custom_model_data": 4
            },
            "model": "item/music_disc_caravan"
        },
        {
            "predicate": {
                "custom_model_data": 5
            },
            "model": "item/music_disc_cheese"
        },
        {
            "predicate": {
                "custom_model_data": 6
            },
            "model": "item/music_disc_chill"
        },
        {
            "predicate": {
                "custom_model_data": 7
            },
            "model": "item/music_disc_click"
        },
        {
            "predicate": {
                "custom_model_data": 8
            },
            "model": "item/music_disc_eyes"
        },
        {
            "predicate": {
                "custom_model_data": 9
            },
            "model": "item/music_disc_float"
        },
        {
            "predicate": {
                "custom_model_data": 10
            },
            "model": "item/music_disc_fortstress"
        },
        {
            "predicate": {
                "custom_model_data": 11
            },
            "model": "item/music_disc_heartless"
        },
        {
            "predicate": {
                "custom_model_data": 12
            },
            "model": "item/music_disc_hue"
        },
        {
            "predicate": {
                "custom_model_data": 13
            },
            "model": "item/music_disc_ice"
        },
        {
            "predicate": {
                "custom_model_data": 14
            },
            "model": "item/music_disc_lush"
        },
        {
            "predicate": {
                "custom_model_data": 15
            },
            "model": "item/music_disc_mesa"
        },
        {
            "predicate": {
                "custom_model_data": 16
            },
            "model": "item/music_disc_odyssey"
        },
        {
            "predicate": {
                "custom_model_data": 17
            },
            "model": "item/music_disc_over"
        },
        {
            "predicate": {
                "custom_model_data": 18
            },
            "model": "item/music_disc_pillaged"
        },
        {
            "predicate": {
                "custom_model_data": 19
            },
            "model": "item/music_disc_prism"
        },
        {
            "predicate": {
                "custom_model_data": 20
            },
            "model": "item/music_disc_reason"
        },
        {
            "predicate": {
                "custom_model_data": 21
            },
            "model": "item/music_disc_redfunk"
        },
        {
            "predicate": {
                "custom_model_data": 22
            },
            "model": "item/music_disc_retri"
        },
        {
            "predicate": {
                "custom_model_data": 23
            },
            "model": "item/music_disc_rgb"
        },
        {
            "predicate": {
                "custom_model_data": 24
            },
            "model": "item/music_disc_sandstone"
        },
        {
            "predicate": {
                "custom_model_data": 25
            },
            "model": "item/music_disc_shroom"
        },
        {
            "predicate": {
                "custom_model_data": 26
            },
            "model": "item/music_disc_sparkle"
        },
        {
            "predicate": {
                "custom_model_data": 27
            },
            "model": "item/music_disc_storm"
        },
        {
            "predicate": {
                "custom_model_data": 28
            },
            "model": "item/music_disc_stridehop"
        },
        {
            "predicate": {
                "custom_model_data": 29
            },
            "model": "item/music_disc_witherdance"
        }
    ]
}